"x1","x2"
1.41409481417421,0.819935595245056
0.066715902325273,0.295967662293198
1.61485271886773,0.372234525192264
0.830595029531038,0.31593714471148
1.27149507280371,0.608939966785347
0.805894471536038,0.50491934862098
1.52882632721216,0.643145916717857
0.946529776828247,0.665831956443059
1.29384863919644,0.659763824874464
1.23537906341289,0.566224174403648
0.487611939485058,0.737145816586372
0.835845406151551,0.288266080689223
1.37159905606815,0.614394462653915
1.59278973552989,0.291681556662384
1.45265026882629,0.487756356481729
0.936630151620033,0.6513627605883
0.571337204283828,0.260128232628651
0.968138901306787,0.660860722838282
1.28741531778779,0.537011907856783
0.922681654699453,0.431336599526196
1.02496814499322,0.536691245937301
1.57128044012554,0.857120813920808
1.51614384733624,0.595539457159376
1.22546051286381,0.45207778536979
1.37397602347892,0.711344903428389
0.705912170218502,0.415194950413125
0.651411413624583,0.547539477667662
0.76773432263058,0.392680019134201
1.73414953970185,0.197014748713471
0.803308915726285,0.583598168861743
1.28539102988756,0.521339873796226
1.03397244526966,0.545274359133504
1.44731795474064,0.752998094244899
1.76327030558863,0.569543731403829
1.50912542149591,0.29796674789293
1.3626661193766,0.662967626044621
1.36347846604993,0.607704426518199
0.608651021510669,0.594752874908107
1.07762242046277,0.564314073529922
1.22658945355914,0.574740178953198
1.05377186389556,0.496931636243073
1.70586492304074,0.442670379617127
1.06805204672007,0.450307510078255
0.922703622636481,0.466284440107742
1.36883984004465,0.487655680726798
1.43763222790288,0.502645672919995
1.18421691165081,0.420487371959906
1.32899816539839,0.476913232051071
0.871164678498695,0.359032029461448
1.39797761631181,0.632354575857266
1.12868299674036,0.726961844214447
0.572220995560675,0.486032822389901
1.10562822108416,0.568782974211397
1.07171646528235,0.418008324257054
1.59605731091828,0.62060156991444
0.26364829966004,0.484825557667756
1.35150831146422,0.632426613255139
0.562421230877116,0.682384598333751
1.19026857361591,0.723925544942737
0.813984840243627,0.686939525102745
1.09480434036885,0.317200284944457
1.27167269318352,0.286580955717313
1.43468898918907,0.704164575308175
1.39200569495107,0.68175855229168
0.355005983801371,0.503439831099149
1.1041332686232,0.707096974465362
1.49245236450363,0.666336252168358
1.56359991508329,0.371526275108387
1.38107361940433,0.370279032444414
1.1048871311527,0.60007899881555
1.07356775094864,0.740392542441722
1.47518885550968,0.145613001521225
0.85990485075063,0.657798797738181
1.46740024835322,0.64435774022587
0.767221278824717,0.223865920983446
1.21062796583879,0.402567321243934
1.3827745964827,0.742651396450467
1.24289173100647,0.451581915292482
0.860962178907633,0.478122818887635
0.752589005376397,0.445110706430714
0.619130952705153,0.434415651585609
0.915605402404346,0.75528803034508
0.463666776307029,0.556444039202412
1.42454869684896,0.927694035658179
1.40436757638497,0.497389928727745
0.995443409278255,0.527973454230503
1.62944012259967,0.461724640390956
0.662147492634779,0.369837238049204
0.942940549783654,0.513269655636928
0.665797557155061,0.395856243774923
0.924400623171787,0.393215857836652
1.64206493252618,0.608208224989358
1.40475557628656,1.0460995002406
0.426834090011108,0.579014437420552
1.24507559508577,0.559873742095572
1.27333969065746,0.736696393598677
1.63865659081967,0.505403923570696
0.697760276589698,0.488079335593392
2.17217682150869,0.351202457896423
0.434791568812892,0.659256731032368
1.29662839233614,0.509736946062509
1.19405494922613,0.734058964081179
1.51012786455747,0.683586937075033
1.20730869427716,0.548956216242377
0.410317682708926,0.624542175847133
1.29837166858097,0.60716919530715
1.52526780497241,0.471389557149658
1.17298706974698,0.522944004755602
1.20219103697732,0.82470465838555
1.0711745279415,0.511297154229442
1.55348863438713,0.379567121862302
1.5627580459699,0.80342669751183
0.913378698629347,0.45462498584063
0.857074899450263,0.555521215401318
1.12866724093713,0.575644876187193
0.606619315879368,0.653080939852098
0.913167540579553,0.512749831432869
0.843677905968286,0.573909461993094
1.24746390515825,0.488626022244096
0.975524453143378,0.616926050272145
1.08271735025751,0.185007414984282
0.916537915668841,0.696994872413555
1.18366189129678,0.535155994834856
1.3241266080485,0.723677637406228
1.42220598117638,0.529499968729261
1.14648495741797,0.564947163128901
0.764805854434153,0.658310889046963
1.46217687283634,0.648124565295732
0.805590641315547,0.576325526893087
0.685368343817303,0.523903107615272
0.402773459695006,0.500857180213534
1.48110397073588,0.574852552886431
1.1627098891683,0.629343824629142
0.9282887064958,0.395094736866964
1.11210518177603,0.732683492153347
1.01182516267861,0.503627048383566
1.05329434861531,0.658615617615016
1.79522603274296,0.626649689650872
1.07436646597595,0.572175932808221
0.540568213804837,0.372438607334187
0.910308823798686,0.543288031789682
0.922765843222439,0.704638878139982
0.608334206750432,0.328178807569397
0.740486610542923,0.540308487034566
1.73354225419071,0.790207898384649
1.09392518813013,0.402008566483464
1.13954211123368,0.464010403640908
2.07700575988845,0.702093871774696
1.37726684467265,0.473602256136793
0.895947973840318,0.509203693541912
0.881049662485481,0.653628644254665
1.36869920663337,0.598665536188299
1.40699997691058,0.596061275660912
1.41655935974094,0.332989075262852
1.33880363416432,0.61380736467604
1.54956466109823,0.56330075815081
0.843608100238111,0.644876513780492
0.994974088570135,0.735128449012429
0.303550762038372,0.489709225597575
0.73555320593376,0.104811418951681
1.43892036326259,0.45141784505584
1.71029639662938,0.67305757923098
1.27804733833971,0.733707367880065
0.739327980735097,0.5862821461799
1.12958894103846,0.607347219347396
1.04845163507237,0.578910603765392
0.721892563712909,0.29367305696492
1.02459755408292,0.354482643839294
0.600933873421931,0.400717773272369
1.07214170798536,0.244910600025572
1.33364978482582,0.631682308273554
1.01513127303096,0.359779922045104
1.46137755719122,0.642032510304563
1.13707184675454,0.563575391077209
0.861408591628891,0.869955878875099
1.21637832479128,0.289002213525491
0.980407441641808,0.460290685945627
0.885147789871051,0.735616996744836
0.722544236677066,0.495253368873861
1.19305811020708,0.643788329412926
1.05980167458439,0.606237627452167
1.34327299420452,0.729917095358095
0.754433070641789,0.295592198024356
1.29327346539383,0.708063031813852
0.451461029330172,0.625272847779616
1.17451661163644,0.412799122432357
1.49412279415367,0.44811126166529
1.21789172610671,0.565331640615763
1.04940420072011,0.693688513757153
0.955056087880277,0.562126427923079
0.990865962851964,0.556254378071031
1.18533881403337,0.674481932859103
0.9721829133139,0.302677106553533
1.65663171544655,0.46465620460883
1.39265560249882,0.491425806232113
1.12263529116625,0.474901896017018
1.69206466307857,0.769329215743599
1.12042004390658,0.36263293396664
1.8611382409076,0.25402559945709
1.18489915686342,0.56181047208366
1.34391889995712,0.281615188435468
0.780078041435059,0.502576298108058
-0.0752367831630325,0.53493965309943
1.63765371279335,0.37091850538211
1.35647141889047,0.376239047119408
1.04332893434987,0.807117973867927
1.46322025713879,0.676858156791257
1.34180651362534,0.704244446056213
1.04855711138265,0.55235923447714
0.81627372890455,0.523185228694989
1.47935564764547,0.727853267636135
1.29185881639287,0.53092753308135
0.994595462980137,0.737751104738516
1.32563995167126,0.489279122410747
1.17772864030893,0.679049064655399
0.951434932850561,0.647509602471366
1.82429967982095,0.554731177311866
0.635232375592502,0.91904572639493
1.05346642824727,0.575111610993932
1.35623749876928,0.662090654088162
0.874534585449399,0.287790287100167
1.33087106720042,0.55195849890623
1.58095906574266,0.807800014583354
1.46698116171569,0.705319386786376
1.22845712300787,0.712744598016523
1.6342148851016,0.782797632019837
1.48918609429878,0.672257789291788
1.83062181226934,0.667715269592772
0.747695016513448,0.685050440992181
1.04865382818887,0.680702029603616
1.46577221412975,0.877180591669441
1.09179058757935,0.748829285374514
1.41404259294273,0.220615337517856
1.18930430533197,0.543556174030165
1.82322202759836,0.664144492165423
0.919084303946471,0.586592315403664
0.446284851219128,0.559167081058062
1.06003915261452,0.627723091372335
1.39805448456767,0.466546791989014
0.677141305384301,0.532099502002276
1.28212887480033,0.648482246811754
1.05889304695205,0.472542940225189
0.375004946625572,0.542059092809075
0.604686328909662,0.425540847770412
1.44182854201493,0.67945040963902
1.43185462951329,0.475155971915752
1.11172125479294,0.64765664169535
0.447144430072845,0.444643507554137
0.67485624114985,0.64596952713284
0.219853442104555,0.822158816945588
0.737301673492111,0.656801743811783
1.0793545916969,0.437483307058927
0.991757833648255,0.485958104581685
1.41852209260927,0.356129472118501
0.702340237428711,0.495941054897692
0.755024181317994,0.74473689179344
0.841699967591624,0.676447201582394
1.70915139653168,0.420525269145515
0.62848832561324,0.142245238461279
0.881257048289899,0.682247986534612
0.547127995650733,0.308248680547228
0.825998952514273,0.650917328145923
0.988462128035637,0.708731729837915
0.164410809937355,0.401018688378627
1.48077228784021,0.529817014808594
1.35746352590406,0.45626678536521
0.675738545682247,0.545994348350448
0.908832486171574,0.44807020091971
1.19555805760561,0.655601909872791
1.51432151999378,0.428369535391348
0.566107913555203,0.483768278822132
2.13086111627182,0.814980188860513
1.16421012494961,0.50211872701212
1.33256693257903,0.537800752303173
0.918119863042289,0.281469030280841
1.54063597527988,0.67847247324587
0.410380465663734,0.614638087499325
1.12279154190344,0.590349417428297
0.879906034413137,0.565413081229857
0.913654867543778,0.594153919928242
0.155494212513676,0.322521289972677
0.916613163643608,0.507020679910655
1.11186966671197,0.553607696682437
0.692386945361121,0.411228808721357
0.892468477044914,0.102146336466539
1.07553498608575,0.404990285018689
1.7079916414712,0.517496676367045
1.46147804199729,0.38492431697226
0.922284089152779,0.450030772773698
1.95829649315344,0.337283527859976
0.980624339850934,0.509482881315396
0.971096708419199,0.628745127431565
1.32123139530604,0.240922333021123
1.69492248967777,0.282214658281493
0.795771619525735,0.588258998424382
0.707395813600437,0.721934888766248
1.11565777208537,0.515865956629911
1.162757342688,0.369862678951827
1.75777230857385,0.411643804477157
0.686543394165707,0.241103793623747
0.718044462200894,0.725558815607842
1.32143664924452,0.512255878432676
0.940800200565514,0.601272593204396
0.433922037169001,0.472179684881345
1.41690453010946,0.779681515416619
1.04585251336821,0.785396667020904
1.06300515396535,0.47589488845646
1.07130211003795,0.737137920972098
0.460754517989927,0.453837297022819
1.11132865405456,0.658135025387661
1.59857047243273,0.50117643275784
0.98036226845069,0.326610322066898
0.987946937749073,0.557939545669119
1.37430350421505,0.373434755594343
0.593431688430733,0.639508987657935
0.582316524954948,0.505894066295702
1.31435197304716,0.763600265074916
1.3168483408936,0.820334982963597
0.796100376498719,0.450720429670919
1.04038001278926,0.664174034315463
1.20871547767352,0.506491472059322
0.980487588369605,0.564534228189942
0.921865253817929,0.755442519958299
1.12638356445316,0.312393021260785
0.660703199065198,0.400347448117216
1.65944995402762,0.60397150113875
1.39184244718428,0.849400212355899
1.77270269596059,0.363430598605205
0.340922464136951,0.49459556146245
1.62905485052166,0.59958840755082
0.613305026444763,0.547227330206509
0.401552204489542,0.592361165365861
0.296898337245482,0.472109038528592
0.667269601078348,0.531143724979072
0.184606503906575,0.540668245193329
0.584339227636249,0.658898908982531
1.55645969552436,0.661665176319591
0.706534606362647,0.539820051321947
1.01584626553944,0.361441779612933
0.971495398904536,0.437509863843947
1.27945777410801,0.586750002188919
0.861307913210553,0.570752429613033
0.956521891053231,0.495009393544677
0.616813208070488,0.380793685744542
1.09688555851579,0.923097711509561
1.47935804400629,0.56086904290732
0.632109336629717,0.615723419322348
1.09140043264264,0.694189423792439
1.65088018438881,0.631770889077445
1.27075455671709,0.480746024148845
1.53703095262953,0.817717320099811
0.775453756770473,0.694837514853856
1.45316456926862,0.34973817106935
1.03081479539597,0.410560150512193
1.17123692778934,0.684593921505922
1.91393173121596,0.502203303314686
0.912460196899985,0.394751832191285
0.726325956682141,0.26857851782738
1.34384231199515,0.470115309758744
1.17293002439915,0.482584141203079
1.24081325893009,0.330024488007624
1.18164158137238,0.739511488402444
1.01934232441588,0.526488735554199
0.854875015357303,0.312026115001565
1.48763220264098,0.381941299623749
0.5827074831794,0.622619597961807
0.46466956354605,0.834838281523192
1.54500540560425,0.58800796881187
1.43348041100299,0.6129854303246
1.2117813001367,0.438504656976034
1.13343005349759,0.561011716339922
1.17346758455293,0.619091877624303
1.06325408075911,0.332841011257646
0.774673008470109,0.505980390323976
1.42284175521347,0.591707058499642
0.774998780949933,0.347333431913904
0.585772470646673,0.228986265325854
0.928277946728942,0.677440255527131
0.591582376341465,0.305891593758367
1.20188267663645,0.386271306927885
1.54703139534534,0.476592038545701
1.46320772610383,0.635217638584502
1.06379712288601,0.680076864604343
1.39806346665354,0.486457263349658
1.13137032142306,0.303887498520074
1.22917067151932,0.482759030477824
1.10061859649422,0.160678998266388
1.06581859746853,0.679625494106525
0.612748039192761,0.541004132766827
1.27587713428571,0.666677397549921
1.32225270014536,0.769821155930013
1.00847662870868,0.513608010044451
1.3416117909375,0.685528527159927
0.626833947477117,0.558609093727318
1.51928404472962,0.582822102510889
0.594536570392756,0.395135139776371
1.61065619953182,0.483885129314917
1.34602936049628,0.631461540430454
1.35451248044905,0.31985764030583
0.93996093377916,0.58800162944174
1.18098339309669,0.647481475321774
1.75522045766009,0.552406813273069
1.31467049095918,0.58175595297482
0.644776088892955,0.487869804737464
0.345001569425604,0.28427441880285
0.894165715744869,0.532475345437741
1.26555649359045,0.637929561149221
0.869116129905229,0.478024062084702
0.787435949386965,0.57379250121075
1.30170221382686,0.596307161149428
0.707723136588589,0.402101399144381
0.720003924321339,0.640702313642815
1.0680470909031,0.733621375772521
0.538406373417774,0.504286810418885
0.327511793782234,0.511993758454192
1.63913788873915,0.760693915184334
0.663239258178374,0.480569832446766
1.07635061017187,0.475027873581291
1.82167517735943,0.532399122937084
0.742842407470148,0.578219700775944
1.21387641745969,0.4351692822814
1.21495506277963,0.449182152899868
1.13919170049561,0.424391217961036
1.13584235524237,0.20031018919163
0.376204647361519,0.622802626922738
1.39738985112597,0.700558336975476
0.98083016898351,0.538721394663367
1.2887212380914,0.322565567498776
0.988308386427378,0.607688356816396
1.66308531573934,0.331568870703959
1.89454598343182,0.767352329710435
0.848274436681955,0.633433422622731
0.785528819430186,0.356268847513629
0.578211280772168,0.362454677411656
1.35950082248825,0.354141722497156
0.636532289239568,0.481098531308728
1.01382859108815,0.487289803548623
1.12020415306113,0.339186320159425
0.892663049858884,0.644648838001882
1.08666949217537,0.796222870016699
0.488430939257428,0.412781341332797
0.853795986254019,0.316384926772787
1.09749521144584,0.73474523734992
1.28985506989816,0.515692223075412
1.29171733813808,0.630934521395725
1.29967793188757,0.509085572413291
0.833291749360035,0.500259109138436
0.800162288192534,0.507313417561185
0.472596816395358,0.455888681805063
1.20164395977598,0.3910333603228
1.01332157012195,0.658467709621515
0.983642500344671,0.47984187471671
0.77290540119353,0.655530006705693
0.347730680866838,0.57026120826003
1.40370029695414,0.882549460517146
1.08709698373044,0.85247558489947
1.24121666674275,0.164250650615265
1.88912435334071,0.781382681158287
0.430592974321819,0.506232478422282
1.10149974636132,0.426902837239917
1.29733861480627,0.498656730358057
0.947228238918987,0.604719832128138
1.49927544060733,0.539702215771813
1.29741400895619,0.543616593634
0.679364203210215,0.70007541725606
0.773006702840666,0.64019161072077
0.498057668402372,0.71491448315304
0.642110284946746,0.558276995354757
1.33888834359638,0.369245315068113
0.565802400892068,0.424917881691804
1.22615962082683,0.807721200927886
1.49011508956243,0.46105820201797
0.776273137418047,0.530063034965004
1.44816863260821,0.434793888235256
1.35635834563332,0.970863036312344
0.127019676458601,0.581302089438314
1.51824773387538,0.664932195219429
1.34979602561815,0.729144148187096
0.820403269718741,0.417661206339798
0.707248876111769,0.525460937598099
1.49292409096132,0.570711684218745
1.11892481570885,0.623034593947682
1.67221768152382,0.652859333057067
1.531333743884,0.509545324249492
1.30824698626977,0.520134954301729
1.4049750582254,0.627700768004406
1.61935416337013,0.553337101554894
1.40200019364329,0.35577306631558
1.46321762523446,0.362765346925676
1.321610815553,0.574245580338352
1.1345863877992,0.728067977109876
0.606105185950443,0.525334331061972
1.42008180441302,0.355253659033256
0.93788965752097,0.482927982837288
1.53298350173569,0.412890414253432
1.27253144406549,0.60289246128394
0.703960380800497,0.72443446233417
0.853685952907709,0.571820597669727
0.811880277234004,0.594163362655986
1.59200430594793,0.680200090406673
1.00177135065309,0.54181392754959
1.37324247425786,0.786726392337102
1.3099656562854,0.436027607422463
1.16843467070232,0.522573334225654
1.18920698039981,0.48595855884427
1.14532385682391,0.523851921092004
0.822916071582896,0.425032805783517
1.13779311566078,0.55338347124078
0.86715765615363,0.482649956091019
1.78376629270256,0.672475682028772
1.46291205971926,0.75027283151404
1.82381065510377,0.481782091289081
1.42334808406548,0.774088496694241
0.941240816618759,0.629625125586788
1.4269470081541,0.501743663085926
1.09299072769517,0.741682429522087
1.10072240075042,0.23585069278674
1.96324872232736,0.468641280976812
2.01535026920759,0.855943432443443
0.660821654902501,0.680289845200547
0.974928364671147,0.485646661447592
0.797358199105183,0.720580622298475
1.05344504617023,0.595102490744778
1.42592764360846,0.423014124833598
0.894273101470744,0.504122682242266
1.03308844145951,0.615909764751309
1.09649403593163,0.716777257469934
0.933636165850247,0.644279667517579
0.554416033610307,0.549422596888239
0.637750555901093,0.202083253333357
0.60048018373431,0.808106673008384
1.05844808359916,0.453140905193639
1.19979006245182,0.678492536525255
1.23056923978246,0.503708137073554
1.01993341496857,0.702360352898178
0.688177753188014,0.578427751575612
0.996054505668761,0.710003381505958
0.869055700388319,0.529547702322435
0.521014052876222,0.357727424274483
0.55904581880243,0.565216455591486
1.46868592333203,0.190852946893175
1.47832597344341,0.754785615262032
0.720347682758855,0.51909924566363
1.27954630169597,0.490825691171153
0.779934451286307,0.620473644583805
0.279153913732792,0.501142154814125
0.275925591467941,0.457122086335804
0.766622425911603,0.817313964239514
1.04280393690764,0.475686187935282
1.03987557757286,0.347255893378564
0.880462553910015,0.583326105401567
1.68960728914012,0.542869705783931
1.53892970484493,0.546481733804266
0.656175827082679,0.539897851234535
0.738968415142499,0.563091147667077
1.41156782471392,0.758418567020214
0.258711045567502,0.693581999146595
0.924203285778072,0.569399352292113
1.12689315706074,0.686887810944574
1.45610890225441,0.581091577108367
0.887871337934773,0.567446823848065
1.27500160539873,0.52168314431163
1.73421015829848,0.568958316926327
1.2860438328242,0.477744740302029
0.919066242503249,0.505573169693792
1.17732452594127,0.501747290381077
0.610282204485935,0.362497699737427
1.05957825816068,0.311321344909253
0.416091629400026,0.532369773214502
1.29218597659134,0.29543250547668
1.34108722525691,0.421753200901401
1.23307101084176,0.763125553731778
1.87622918140161,0.777403177900033
1.65144507035955,0.439891668352636
1.23211611679915,0.431477177820982
1.4690944005805,0.403164250488751
1.35293829919487,0.451564556356426
1.48283777773666,0.678666547486159
0.816541110511762,0.253244414746231
0.92269211646692,0.611027267389473
1.07824305775561,0.393843847304623
1.18453736392195,0.662976029308934
1.36390805388919,0.661405638244046
1.19827392867087,0.737370196370655
0.944627715433701,0.38796076728629
1.05464622062788,0.567711377329898
1.20574329195521,0.55519108479163
1.27426154982979,0.734616118933888
1.45450522042143,0.621131537772313
1.8068946968272,0.510179063335392
1.14358573973921,0.652828088508904
1.15707204757187,0.500109567604783
1.23546381551432,0.458080984312991
1.59183174088019,0.405905710983673
1.02810305553085,0.773328289006666
1.11714266163205,0.539249373899194
0.899516451825558,0.487234461279872
1.18001863545998,0.561679558678694
0.891530964597029,0.628149740928876
1.21495426038772,0.559778435881111
1.31780740227031,0.702905513207013
0.918874003826601,0.413981851051564
1.17578007744335,0.539047778779185
0.875768073614233,0.98192679237488
1.47215467292653,0.488739512657211
1.10867542640005,0.607916680561483
1.55002067879073,0.396100041793703
1.34536611970656,0.611130581097904
0.102970854085766,0.484335710001048
0.2605039097165,0.285510577712758
1.41180460480316,0.782989727489358
0.842949393204296,0.347073175647925
1.33377794675514,0.657810497557465
1.1826981073827,0.501899484394795
1.40021053993974,0.454239526267348
1.03713038911839,0.509082282906872
0.832076739251896,0.415874184576111
1.2623766217256,0.779122072358559
1.15610331419543,0.450754986649694
1.39043427452753,0.593349383970459
1.12155976976608,0.366679794178573
1.26987298542072,0.433562552099802
0.998080882891103,0.570607914660218
1.18032829125697,0.676405773326425
1.32327757726384,0.710648568344497
1.08412449802925,0.272914171288883
1.62642606435689,0.308752589302389
0.929736768474434,0.624888961225404
0.905380070256567,0.488727092645462
1.1703315732894,0.572274391569658
0.646335833559846,0.521137448443861
1.48382563255867,0.442385535779611
0.763846490827638,0.467195125764226
1.33414898359055,0.519345499835948
0.435752740333687,0.491217183685997
1.08095361237677,0.27514766819049
0.73895575931335,0.629457214896016
1.52295320379232,0.496583240814676
1.32014222453875,0.480726092383942
0.805894014024444,0.494202809464893
1.08403371624942,0.527587402478243
1.35973856053292,0.648009669311202
1.19701461804561,0.623861934250566
-0.0785041287926997,0.727688616674176
0.492279628247928,0.660250829868273
1.7048622004103,0.553760504906695
1.8593833224082,0.840093661034946
0.798784751783627,0.476480924350152
1.16899884910513,0.675736114648363
0.547214551716853,0.356769104006367
1.65441767222296,0.634120583886336
1.35266970752292,0.443551514900247
0.746102829244692,0.360524266388498
1.81114588294662,0.424015165377024
1.40070247181547,0.648818252925914
1.50349384496522,0.229612419392575
0.722870297474127,0.402297326413381
1.84102455114521,0.70151614945715
1.28408874535309,0.660355879388698
1.567092097919,0.79659937224849
0.830482062411797,0.638832193498589
1.58048223669232,0.634824798866392
1.56249040150354,0.31830517232916
1.53929803278035,0.326113265133193
0.90724753952235,0.191026922534186
1.415063812466,0.414705519315216
1.48664893308758,0.467396234315331
1.70580474388258,0.500308404701597
1.23680400282969,0.316203756828161
0.678412353420324,0.740196725615258
1.68879327429628,0.613233112170418
0.0331351884335442,0.482652269288918
1.34155534559027,0.834997916181178
1.40085608203959,0.482026928188196
0.937372964474383,0.554838398228212
1.4255010339423,0.648435399573874
1.29931298958477,0.540718471693767
0.956889646133841,0.523874520625721
1.17776996721783,0.434737458363557
1.27800885599791,0.594443945126701
1.04000023574666,0.502378857293417
0.444258626050896,0.577298021225579
1.41202228128441,0.543758618754182
1.22227430177908,0.546662854586528
1.82869722801984,0.647040973068479
0.491346139904464,0.555124980498748
1.12252525321596,0.713780432903635
0.716732880240495,0.669821114138091
1.29966224681558,0.679740398052417
0.960338757852091,0.413200016542662
1.35499078416667,0.568091971267782
1.41113503027695,0.346548202994272
1.79595784008262,0.579475063552232
1.49187386595117,0.599958374722373
1.30383306431386,0.574634787473788
0.699702279543241,0.629746942406285
1.01826297344919,0.517402483275174
0.576215269376683,0.628261530444408
1.45887730549144,0.710311259189397
1.41651203200122,0.249012517733046
0.972261570886914,0.578571490988189
0.64793469221356,0.401412422254044
1.3876195863191,0.705564463591066
0.853248646293439,0.704819683389639
1.234365685807,0.390340689037448
0.825268604382296,0.550880150122094
0.894966873351728,0.428948638619542
0.888453098026279,0.212431793131081
1.80514825448685,0.454781689127275
1.22154835688505,0.485583639495181
0.446884398570972,0.525543659213143
1.65657973200856,0.5987707093638
1.21012743250709,0.581686740687955
0.829926246554261,0.439842929264521
0.811244175836628,0.345383952203121
0.797557514069343,0.521200996760791
0.999974442484536,0.399617262851097
0.272539480312176,0.577269218951518
1.58341149733814,0.8145075717868
0.992063442109262,0.492071774052619
1.35127135477102,0.369295730889972
0.697083760907158,0.610907833184217
1.48194320249778,0.496557193531223
0.803265321180317,0.462758795482929
0.839115281110359,0.488358996259342
1.62496024376459,0.744554072364618
1.07184946538029,0.450645051101429
1.08326232954021,0.66621070174749
1.66739766460472,0.510489079375595
0.96854447989798,0.522680485843933
0.624265988559217,0.334472541314215
1.52433421741809,0.691342204130375
0.583132980618473,0.566898837571842
1.40284019828898,0.719907827190153
0.94708515503188,0.659162925365249
0.512211877302562,0.550928370235856
1.17745827202065,0.673007799225736
1.07090345323803,0.47229278660506
1.31718895247325,0.483060696547567
0.904139608063194,0.460041890532187
0.602310246031747,0.402039146150474
1.25054499366191,0.537236954452526
0.908925638805082,0.617453704395818
0.92237254954269,0.49659284086135
1.42398707085039,0.583566487789057
0.981230300729337,0.733716720235299
1.12519226979524,0.687062027556053
0.787815219695138,0.441706714549157
0.791558429837068,0.407845846451318
0.937638858973747,0.555473107166269
0.700478191953754,0.436699017055407
0.353898777769039,0.37880411442638
0.732271302396214,0.363374258559161
1.32166223773793,0.340349144785288
1.08974656992898,0.437729413051659
1.04381361420028,0.653851310525374
1.42258728750402,0.485692217932402
1.42215011065448,0.607260660501452
1.47804305934483,0.266597839136025
1.17322186575895,0.500668964529545
0.792459501381797,0.39448483824664
0.463996002188199,0.730856998440317
0.995722049164518,0.177604578189383
1.26199298858143,0.590186077994076
1.2237520529686,0.339358293580353
0.763641922857714,0.582022245621563
0.988363100190429,0.692670232973049
0.900559509429556,0.161100509224484
1.04709044449103,0.226557606689789
1.31363847673116,0.535522447968958
1.36310504984348,0.747451674921041
1.81283023040397,0.601454353377968
1.35729509103181,0.668414638882889
1.26644317067161,0.353322982828451
0.257819177585857,0.391429491668262
1.0243551573536,0.361964160300547
0.415537412969688,0.399706090417321
1.12849770720404,0.603250210603677
1.19693347764941,0.671375756296078
1.3934696177813,0.556551512095224
0.818497270548887,0.755361583350222
0.862324510564042,0.309392950978267
1.83901804072445,0.486780490691904
0.582675072493946,0.38577696567594
1.45262149815961,0.791408858025095
1.57556631433333,0.643093634186006
1.29027517410869,0.350468231563179
1.41551760772168,0.418404856815019
1.31365655158283,0.550857151349163
1.18718143472842,0.46994331940528
1.96061697742611,0.783438815369462
0.74539172305104,0.491245080098139
1.02588379492032,0.897810402860267
1.74351961981943,0.588616702269256
1.46236830865916,0.526511596221677
1.23889033814145,0.696563506191756
1.06454903575768,0.361717881940988
1.65451657437895,0.784648750832565
1.45134787240152,0.330188683963874
1.15663812587552,0.600982373175537
1.44488906401217,0.464509175406933
1.49504413350757,0.262283992092002
1.43251300631311,0.680562140901704
0.822428978300403,0.473291632660644
1.68258477412298,0.605756601199572
1.49339633262556,0.680357990371697
0.683329643128171,0.339761203862861
0.417146967474433,0.718790168183113
0.523065436206236,0.550078754114901
1.97351275275383,0.50648701844549
0.821451824425985,0.422492512254729
1.22596140112143,0.485956698890372
0.953058582823723,0.665371614114061
1.19912912033194,0.604030940627659
0.772461574619289,0.613909827489758
1.41263322198798,0.677878235917849
0.340096429800648,0.216082002240197
0.577986146457353,0.457473896140915
1.99029634555385,0.495366871952291
0.843307957364928,0.521046911031537
1.42163760691416,0.33870241764945
1.56273196987114,0.640928530193764
1.55086651480041,0.631146566635424
0.412497976111128,0.533130178257923
1.52581157031243,0.502620229108742
1.66911742318148,0.834987588249942
1.84080917220819,0.58700320652204
1.02023607970398,0.782711860826148
0.899742100447573,0.627897903950862
1.11593222544112,0.483676842192248
1.28065582235215,0.854637691351863
1.13507046638707,0.595407415298625
1.22993805578524,0.401410264898176
1.35202766328226,0.453402018515
1.27725904868457,0.431441957016618
0.458852755903388,0.423824536404816
0.710752899128438,0.291522104521573
0.963474445676576,0.272844352005304
0.711636998895645,0.560450661784855
0.832696607836555,0.472902516727061
0.6659461847221,0.282831197359229
1.21873609615619,0.709782627573873
1.10929388807773,0.732340393987902
1.36231832064536,0.39361272934333
0.894673181733294,0.45193381156606
1.11862913916131,0.680097592846566
0.989924904221828,0.544981691855421
1.12861470374025,0.383025164213053
0.966438861600123,0.722264368623533
1.13001469792243,0.585233598026539
1.32506042643958,0.516298993810306
1.39919922210733,0.747431973558529
0.0597413781574727,0.507326591011135
1.04401000068505,0.346839346215907
0.824418229701002,0.3950028424006
1.70211107787055,0.527772694755097
1.73779853918032,0.476638436874419
1.0325410344746,0.423468737832035
1.43039563973974,0.715605319537519
0.910653204285067,0.871650138141219
1.31286384764922,0.740155303333741
1.03832460011058,0.534195225538172
0.918470330171141,0.694309042770722
1.46171566963771,0.337317025739519
1.25331478546678,0.559535777520865
1.14174414530919,0.595035056873893
1.24859730461465,0.828289747772204
1.15581182608074,0.472616669920149
1.34624269203652,0.805002721165553
1.21596414207444,0.493711989752115
0.741456448013566,0.529094254248835
0.888680722892009,0.698237000065621
1.41934844283644,0.579999954644409
0.943893762057039,0.729826480214299
1.10900177047546,0.657819074387335
1.095566081716,0.555021120302116
0.52539940267899,0.689965331783969
1.95112882960624,0.612512535128195
0.627061516467876,0.827428605299849
0.657402091532784,0.907367893112633
1.3042231043913,0.453364416364089
1.51186887297921,0.579743498843642
0.64058557356112,0.395319714005292
1.25753683181407,0.666392937445686
1.19274923382717,0.547823446452137
1.47140276921693,0.500129685249594
1.50885926650677,0.715238692751082
0.51456733887381,0.758482467550561
0.535808785336031,0.518531535124199
1.42588124228549,0.552458193349821
1.03061684422401,0.900648580677545
1.01212491688356,0.822298598031169
1.57489032054148,0.829526501931425
1.45836041418624,0.561766740817739
1.16204008437212,0.500302309582127
0.157216222170213,0.675564695254029
0.727985926239022,0.553839767211766
0.259299750781354,0.746666973382874
0.85062601891365,0.622699479526738
1.53409803095686,0.570974502067819
0.278036901851176,0.705278363545885
1.09514006286911,0.413801607154752
0.405501424312196,0.364899778042338
0.528494952693108,0.530831509995808
0.859024782212962,0.470076979632785
0.821546590626512,0.71743863309247
0.844534276452852,0.832943113793865
1.31296637229199,0.559652676145237
0.784270044872658,0.526794788307609
1.3300817071052,0.593867678856932
0.684626856231969,0.251653351794543
1.18501604107697,0.560289396131088
1.40414581702814,0.394388623403674
1.40978487467097,0.754883623715183
1.27434444024844,0.607007806241021
1.2189648996995,0.442075946162195
0.801721793317504,0.719254351740404
0.381799350891778,0.791986886061607
1.08957792280646,0.627881321162626
1.40859094758234,0.450076595255073
1.25254352074254,0.859391747373663
1.34605818822146,0.620323706017994
1.50747601733541,0.661138549363289
1.20140760638518,0.647527763429557
0.50470571936713,0.622013455051248
0.73947327482809,0.952054826119418
1.17169015008299,0.478069203088747
0.436556716989721,0.412916639983311
1.12110793541904,0.565855696363037
1.01733060217424,0.778006190127194
1.27601420391201,0.58421029905041
0.899635754814434,0.503972718261398
1.14257784567737,0.649803832270603
1.33496838217568,0.746113017118378
1.95712467753277,0.559580693294958
0.30671493963817,0.777226983076059
1.44737594548745,0.509366866889007
1.01305833880056,0.387240390815472
0.411673673568307,0.716132549014551
0.91213762718439,0.42820637297948
1.42303911058939,0.518288810476236
1.08095119548215,0.614555702605659
1.57903363973087,0.663514097382424
1.39486878371525,0.559649386363842
0.761263577507548,0.573894117703355
1.53262696796308,0.757778064581462
0.836276990783159,0.913727563845971
1.10683019431663,0.524474714082873
0.893559631549765,0.316865444720164
0.805764976792304,0.807498849685169
0.596418109108166,0.487849593020697
0.864721756618765,0.503759944649699
0.852899323370882,0.74418876201813
0.501957641817009,0.529382557836269
1.28546867493355,0.427163196918454
0.991172390295457,0.635367338931216
1.69403539442104,0.510027689755997
1.43894292781464,0.828550987681434
1.2308758245519,0.759572652317456
1.20527760871614,0.519879690949233
1.23300872552602,0.534005897683556
0.687841562706884,0.768035394033559
1.30383468950835,0.479449206159345
1.50320575361329,0.42153569009977
1.3108664204285,0.668273222245854
0.113093040589032,0.431904473024207
1.42378654924271,0.563566400373058
0.980497089514309,0.617569506792158
0.611470882762498,0.702151256072529
1.54046215432848,0.686522336137617
0.85772193575873,0.597561676817455
1.40798008528991,0.831916199504054
1.32462261169388,0.575008037317604
0.726304962618068,0.428432915037214
1.2058428896147,0.626395411819438
1.52908722125803,0.696961222487659
1.22703505848395,0.729509185715843
0.701234964833383,0.733841299620161
1.15827565887069,0.678820753528617
1.33912299497017,0.567654803637025
1.42736015805958,0.588501757308533
0.983096447686063,0.315021629404081
1.03934538622979,0.270653935219132
1.09127457791818,0.547431281570052
0.650647040581655,0.60252979732696
1.44824305741479,0.348923117133452
1.93061402504767,0.451082134893242
1.52951059924295,0.655346631755009
1.06369315993986,0.446771860443279
1.2404258214483,0.611540281854294
0.98952511387589,0.54750865858932
0.869083897025587,0.705752372759188
0.837547555385967,0.362859177389396
1.41988652818722,0.67310547445983
0.953024895133355,0.575635515018132
1.17038271587485,0.760458170533339
0.804870772672353,0.53298107914168
0.918640852880769,0.42777647646645
0.760144923309519,0.704613859876188
1.42312040921766,0.723977304055864
0.892996934108554,0.42687154898585
0.702067094829704,0.545709487323864
1.26695634828548,0.598846159321529
0.675411351022671,0.281247396546891
1.21676159132582,0.700865173823886
1.12360365883888,0.588540225454247
1.11762557099578,0.439479722866532
1.45038480104506,0.387882009401561
1.05813135431397,0.640061902428826
1.50892638741924,0.697679598093103
1.0531519255661,0.59261280850344
1.37118575414169,0.450784816551382
1.2399371544393,0.507625495906163
1.11429512405269,0.790058578321299
1.36340210804481,0.766289863258324
1.72043891607729,0.47857234032167
0.832892535235092,0.490380293756659
0.738057692174296,0.487619393839133
0.988077857218399,0.684651508667607
1.49729511898746,0.515994995751248
0.701208973405973,0.487781139616189
0.639207388639851,0.510182167085283
1.683194478439,0.427865304136865
0.947376848373233,0.539176475337778
1.19345093702512,0.443036175724817
0.729860072889631,0.40005682546229
0.384734856966086,0.651018866801237
0.964106269100959,0.698443700273006
0.71281857237512,0.697040367357731
1.35303397163813,0.512963679811932
0.760590543344125,0.539272125398275
1.14960304361096,0.515606166961955
1.26308688297428,0.518005045742464
0.625453653690892,0.518707231300406
0.929982041799334,0.662704162335569
1.99491314169116,0.757611875372546
1.2442668620843,0.499928269487863
0.601515785816761,0.496217480973707
1.6211346385897,0.465613554463907
1.28421331305896,0.493105314840513
1.78597168684517,0.665278898216135
1.1879112106676,0.374952500630955
0.93542076175098,0.638569185189388
1.11952808814286,0.34636242422212
1.3619186500273,0.578243341420216
0.613728428143016,0.561725141710541
1.15986365553673,0.030995834980437
1.3053093575881,0.490610286013949
0.894628640697998,0.448732520416858
0.919751936211934,0.692390692444868
1.81649171213102,0.703588718521311
0.905016098496457,0.582129021124592
1.157037256392,0.830725251049455
0.714463701968454,0.573903347125611
0.604476740440256,0.255886475399111
1.8134768129315,0.779564611587347
1.41390384516011,0.648090937402291
1.24061493007,0.668830121807059
1.03981212410982,0.222420288134488
1.86966038818853,0.516285411807598
1.04927060456578,0.605590821601467
0.811685594898429,0.743459418531866
0.723843670261601,0.594315348727228
0.618669497301912,0.320836607193053
1.08115246297311,0.63073265270575
1.20745106933963,0.484640773084596
1.38190537692452,0.413390067350374
0.984657180360703,0.759608777793359
1.72836570315667,0.668241423370125
0.671028180896256,0.760172282584897
1.37784253320337,0.554930743349554
0.611213895118959,0.302638689878976
0.622452636211212,0.517231981862735
0.839225070989257,0.512431791129329
0.67146955661647,0.371338902730747
1.35651827285397,0.589090364096558
0.341848645828919,0.457957410216587
1.21366542208761,0.517342525378508
0.78683837244291,0.652259135660398
1.53212777414305,0.636369174486147
0.916808644817386,0.339386145060763
1.15585120890749,0.725131118136024
1.44419878856149,0.533085787807278
1.68079170910723,0.613596763944911
0.905224789700835,0.84019002593954
1.21718741840886,0.542249353716697
0.954939663996892,0.917098795792735
0.778084097796646,0.670012618965426
0.852764308536872,0.51510324889756
1.03944728641024,0.667874054680722
1.36278067980688,0.651274579958988
0.922312360755965,0.493143522031568
1.31805452105719,0.583840809274999
1.73139787737884,0.508484068925546
0.554519330879487,0.404554721943553
1.19641918153193,0.706261217542536
1.61902971912616,0.513203880997269
0.958691695770583,0.371253514935653
0.963502822198225,0.579324933450053
1.12349803981512,0.801619431418115
0.779154493305303,0.475230753443762
0.997056662422416,0.622499459658387
1.03064096555358,0.619371345901777
1.8022525453914,0.54371628596819
0.391069784901495,0.27334870933391
0.0736871447556435,0.212127784942322
0.588475350153178,0.377551883597779
0.700131464892225,0.475799202189955
1.49465022376371,0.562397179308906
1.06616971131822,0.85904563594056
0.989401458542895,0.499544058999083
1.47421117702408,0.562279394682739
0.625461465351534,0.420105023638758
1.7612075930105,0.551745053493435
0.341755556615469,0.712665033118885
1.69397507059935,0.460771926319606
0.521868861078445,0.581649692446499
1.04034095776872,0.606402179842604
1.0488459952858,0.485652653234165
1.53387140526192,0.631188487508738
1.20057130618872,0.423536391923094
0.574688317683616,0.499978543935785
1.16749549132235,0.673388297053509
0.500119626169222,0.79810773324274
1.49375309935866,0.607076778531073
1.25399709047945,0.584512231533495
1.58367055545812,0.770300213977764
1.35820087443998,0.380730608554372
0.738940395316792,0.300567821564781
0.955737096886886,0.250606462821245
0.904924394130428,0.531647852687558
1.1399796068659,0.440438346285662
1.03333337274115,0.540697199724615
1.23938215443233,0.645472348524177
0.705720673128417,0.50313056731651
1.14677208172618,0.304156176490518
0.960040915986964,0.561574497270133
0.678347508469845,0.44652508544645
0.758301531376556,0.475697019124827
1.23186284340704,0.499739254768822
1.53404355363483,0.676814943095916
1.2182095469865,0.568567057480743
1.21672233794292,0.538008731386496
1.08056773998956,0.432184537348973
0.842147680607415,0.620418814149764
0.768258089349726,0.449329590433725
0.89416593710685,0.701715764783207
0.777833047715068,0.407252515379517
1.92300772336436,0.602990518259073
1.32858405335369,0.697629579903081
0.410575196026586,0.36642101363041
1.06727869462573,0.5242564679952
0.534061747383497,0.571178874653119
1.78471385183115,0.442337147011917
1.22855309994072,0.393937272549844
0.569866500319778,0.331545910717026
0.995333936744648,0.585111476983119
1.56771810625169,0.454970741821583
1.61787921276185,0.461155617075404
0.535545059540533,0.483105404998085
1.51002981039111,0.680889198605525
1.01069080435232,0.539236155281404
1.19481863605253,0.530375837154898
1.51248366684967,0.533731378252877
1.06632088593064,0.476323082420674
0.79095130487297,0.651733998359156
1.49855756035466,0.516501617268525
1.18404944665367,0.849181320685354
1.12798203466415,0.456416784490727
0.969735717637193,0.526710373183161
1.29473072427521,0.653082417742244
0.628342111821561,0.717940077455839
1.3749332459216,0.607750106007266
1.42573144480796,0.509187995406436
1.17808074326093,0.726669589547311
1.23468206474377,0.754624871086248
1.15802443164228,0.564917814350513
1.80340981336179,0.32197448989283
1.91046399616729,0.552394826598408
1.58825445160716,0.627591242157758
0.591777887086908,0.381202858519521
0.475428164752525,0.77154654372977
1.39883022125122,0.691009789148596
0.726347968160489,0.475812451616144
0.299140714957906,0.672287382257904
1.18767824265016,0.35869282716818
1.55482858141883,0.361137189165741
1.57725657060069,0.966202019255742
1.07787844106004,0.687363347417922
0.679857978959762,0.498466906747347
0.497944704534944,0.245976063456515
1.14784430366507,0.566946424771349
1.03088131272567,0.289173444357486
0.953205998488826,0.384841594502972
1.29595014392835,0.751922567294345
0.89680675224649,0.800567048671545
1.18837497117432,0.719098975939655
0.942834786168306,0.524917621807769
1.41671429719035,0.612022086466962
1.39062937672481,0.413089385082151
1.65805367427448,0.550165107511425
1.23595941767393,0.404750538609384
1.04093258218627,0.614012249758607
0.989437581011,0.658124786997121
1.29899479942193,0.369247828513415
1.36990470630594,0.695658615490534
1.318915737423,0.52829481447558
1.29731876022061,0.539330464396491
0.825015330031445,0.726858991555709
0.290496224165186,0.705816206416651
0.221714509931041,0.380580780063231
0.975321137832381,0.568123856777237
1.53228047938052,0.562963466655653
1.04402469057158,0.703553673516806
1.0849814513238,0.673531522327023
1.36524921091211,0.486580568443491
0.881213719609107,0.607465253930896
0.868777809141352,0.317848046807028
1.37147781756114,0.728370464266906
1.88408007116995,0.602017712030387
1.14742593472116,0.627851657645866
0.721507208205479,0.576137603499939
0.873878362641075,0.587164939344736
1.56213159297914,0.81196623749777
0.854400265292345,0.477975657757199
1.02240783162993,0.504632597988418
0.930975735408499,0.65822561196446
1.22518548246414,0.55568739811269
1.15531739241042,0.431224421534498
1.07177022726125,0.333308744268392
1.9039133885871,0.48340433289925
1.03220645914352,0.321019747399199
1.0904892884503,0.26558834186005
1.55739291396338,0.692329095335565
1.77622546289996,0.677810664302086
1.30431383836169,0.215721061188901
1.02919198383416,0.575336519515772
1.05061367772195,0.424493441418678
1.55664101759573,0.672520907573986
1.24754416735721,0.727226200699488
1.10289781007039,0.563013840956281
1.45020492249222,0.173704316978477
0.971315201542689,0.473090751931638
0.236254738061939,0.499221611919558
0.288756227636043,0.420390931072255
0.787405660106878,0.661275690909771
1.17219228267064,0.570335171535507
1.09541408297637,0.804632155177273
0.913607009224213,0.465586384838974
0.668898833589908,0.518496977016042
1.37416113236673,0.523009995503818
1.35094899757659,0.580270300887346
1.20041688512459,0.717594616266952
2.21240668495607,0.417575863826896
0.839257501982667,0.511023939976416
1.11781654990634,0.538684342249926
1.79369876211004,0.469898718828175
0.772938674525835,0.720346399438556
1.24220014389398,0.492579511713367
1.0831705438257,0.575097768366076
0.921265031271037,0.639865124891625
1.03557338470398,0.68581255753312
0.220504107627032,0.592284741466585
0.767329054643032,0.698843850281542
1.81266599650834,0.504210218988188
0.682104740433049,0.675324481374524
1.13506416161125,0.72239934684961
0.884898873632745,0.629948998135402
1.09413265496655,0.487264944072973
1.24136549858648,0.479621205443542
1.03611623800546,0.845983400739194
1.555577003333,0.656970167354737
1.21640556972126,0.643105247690172
0.838783259128156,0.477818127658006
1.30893548770273,0.619278622423757
1.04895340846982,0.423990328250833
0.592227816052726,0.65166800100539
0.942260864774715,0.345306456790579
1.07916974151503,0.495783864573073
1.26919421642211,0.862265510037529
0.795763983292828,0.29343005685676
0.989404181455865,0.455659337911737
1.49191586927648,0.408814028768445
1.58657675257383,0.612938373723407
1.18314297280592,0.4835075265019
1.505339908431,0.516720628126991
1.00035762054395,0.387307902325403
1.23956731474181,0.755125979689355
0.97399044147267,0.434520355526506
0.731286265944271,0.372131688266643
1.15290150234679,0.728523103886726
0.903483939343979,0.769877794706765
0.74354421603791,0.385163333113393
0.284364270178908,0.47630314615964
1.20279885231715,0.272120380484998
1.08810038227131,0.446181401072138
0.903073200985821,0.418026151755231
1.17170675527719,0.537364825065922
1.41874324791715,0.730193977620915
1.60944679457939,0.602955425845054
1.17438139035585,0.727163432986368
0.709016769885214,0.635813540344199
1.30649279967738,0.57475724363462
1.21181890395001,0.7374639561694
1.67443810372353,0.589804078329777
0.991970021890883,0.585626690811548
1.41837285432617,0.705225317369479
0.7612871019865,0.593246316262479
1.28542768219226,0.277821676486389
1.01071574007552,0.523554730036648
0.808960490239547,0.548678084461391
0.838352642267087,0.406183111416153
0.922949861023576,0.5093347214179
1.23031751939183,0.575451325821714
1.24641828204355,0.455798424758448
0.859927767960595,0.58153905725355
0.354503061881153,0.634740254104083
0.898843616253334,0.472947774908405
0.557079534674101,0.758117159678175
0.866014544009712,0.476668473759721
1.1241311036648,0.224749614206277
0.773245843815679,0.617536173710962
0.858433617754582,0.470401333431957
1.10901880469025,0.323016905298347
1.05848356440461,0.416326787120363
1.03231533713303,0.487124176566745
1.27875756345206,0.521930420615417
1.26029776962319,0.690127973055722
1.10212863608956,0.496315985319035
0.928812817575292,0.790414709369296
0.889193745988044,0.575970698907645
1.11570433662067,0.356233527877158
0.742574901974266,0.523921108755444
1.21589415322575,0.608658429048205
1.40068211839882,0.369469723240265
0.369394154120693,0.403562358282202
1.03347782809016,0.451624758582979
1.43167449753118,0.570553935440057
0.537404241548825,0.73953623219287
1.3600482460588,0.627219817396577
0.922641561645625,0.514304678824204
0.471217302582924,0.447213913506435
0.543998909102259,0.486080940802084
1.44359034252566,0.701773628805175
0.567064247427568,0.565368268397873
1.49222492749011,0.300352434551217
1.1455449806679,0.650012196786125
0.954142219984084,0.434001277333257
1.82122103056921,0.573322802571847
1.40215764546747,0.467687825507675
2.00580101229077,0.633581146831118
0.935188542069777,0.30586861615912
1.45968383900141,0.42620915308897
1.21706616074102,0.457452870391207
1.42124086940601,0.444163391753022
0.658301537507652,0.60306349274067
0.673902808379323,0.512182831572789
1.56451043572461,0.644260659839942
1.44791241886819,0.438033010359101
1.0512688920813,0.777377925151303
0.5518299858645,0.464651349849347
1.32251705738111,0.875016020735862
0.991624260650747,0.373806468419033
1.2828396999589,0.64980454315378
1.53293893396075,0.433820130858609
1.40139102418148,0.66171893034798
0.781285506958246,0.630169755785021
0.428302843983535,0.357077436392681
1.04092525377264,0.737426793783904
0.932548511303178,0.330638218723195
0.827829659619935,0.462742350220473
1.49518643800215,0.491915506176705
0.980392995491644,0.649384735061176
2.09649723106958,0.515262539667988
1.05646724868905,0.439769991587454
0.694272313444448,0.830739689162832
1.19477594932053,0.418660559603635
1.22955318908488,0.464134798107806
1.1313141453215,0.774351392086177
1.43920173810313,0.61437637690654
1.23423840691467,0.578685056305664
0.942570402475243,0.71984483616124
0.820488588398493,0.641804890897463
1.13148734024577,0.415888448681566
1.49697566052111,0.645566665122732
0.603401364897774,0.216002049263883
0.833384849470567,0.579532184294867
0.448891560340963,0.413236238923496
1.05062310078178,0.613576772384716
0.612495179353606,0.651628353046338
0.781799111664808,0.641988826083971
0.545124482080424,0.68497337874269
0.4796611623026,0.271647660056295
1.10698401110172,0.506053630783172
1.00587266589827,0.71822036823904
0.785973863079035,0.565989101177224
0.926896034940583,0.569525403160286
0.958979498605066,0.561701128331592
1.16722448145782,0.62152597776442
1.04438048864197,0.496568823943047
0.979509669223903,0.629879515099
1.41455875795566,0.709520774930525
0.742314985604006,0.557148468882727
0.941591877806097,0.340248695517617
1.15022870194519,0.670874317669545
0.688263378251497,0.80164695119501
1.35552990229015,0.350631640165681
1.38623726685947,0.509887756701749
0.227787523389291,0.696127768643134
0.94453620440733,0.56765825078903
0.900434784257405,0.54669016732469
0.722258187777917,0.47113897601249
0.759186698558395,0.595450169529649
1.68485524543693,0.53844230647395
1.17527296468115,0.600377353162332
1.31374817785306,0.590140608888562
0.942970957544798,0.470696438598717
1.27168529686728,0.49260129666691
0.956904882525079,0.495973328017909
1.01393552316391,0.738364492728524
1.02772999913652,0.403002539284469
1.28800504331995,0.525641570945946
1.2999052293813,0.534626193919614
0.555816193233415,0.414367289416718
2.02133854255946,0.534463037227033
0.699294654426196,0.478497318902389
1.03882324767063,0.643251066540406
1.06908096954426,0.583896390331848
1.00670877075161,0.443532850030876
1.29441639697011,0.382752200015189
0.276768292164852,0.588011909409237
1.87101202610907,0.677179601284403
1.11041421017215,0.711915376575274
0.850185900260622,0.382915066683063
1.43628755108498,0.509372474334273
1.38335065192533,0.353473188489466
1.23774000933777,0.543970470531808
1.02633655962513,0.581637973978045
0.652648599545213,0.718562843127896
1.23588335585877,0.600599885626489
1.59963232051227,0.520309862750574
-0.114118769418214,0.340906881307487
1.07906891330787,0.517316589474466
0.815140751807744,0.55761333745952
1.63379264580725,0.592479369651569
0.822914209399297,0.548876825325232
1.03923962491124,0.434055586699208
1.04471765338558,0.699383203869582
0.672574769519469,0.604218153602212
1.42014956092871,0.620582504766765
0.503702070813596,0.537026321197301
1.13997354298442,0.520462968039523
1.18339834215705,0.398538356866206
1.62924270229296,0.554100990824682
1.2565511073762,0.602111488231318
0.753292437006675,0.549452414155419
0.553833086604208,0.528631774623018
0.803944818259172,0.445802336034295
0.889682965266324,0.460180214551523
1.23050880772482,0.791370593196634
1.38161193398681,0.695510697226696
1.33802259323944,0.555035650559825
0.694618959194464,0.457372688443327
0.911351283741485,0.581082628108663
1.23543474977006,0.553258076189257
0.667680261926355,0.427429454042295
0.927870522635331,0.580402904407316
1.45555077215798,0.562763499681166
1.12625737047357,0.583444655492759
1.25586584326173,0.393404764491208
1.08531280219536,0.388373732571987
1.19297898060916,0.550652710479394
1.51420538575751,0.607038513463587
1.33428253359638,0.952105309064159
0.54462799729908,0.36749166106557
1.03818560553957,0.615833336111801
0.660383656214598,0.509750918250675
1.10676551590908,0.56056138563975
0.408084714848461,0.627742539349688
1.08135785472341,0.576389843878851
0.901449900014753,0.42163101894291
1.0876352869852,0.42896534781685
1.06832057330384,0.551449782222149
1.2483168068568,0.346344772511519
0.621937509579483,0.417428536246247
1.25390303062138,0.455226507218868
1.55966346006082,0.515239915596854
1.38780485360136,0.510028936274947
0.99812629435578,0.746414361291952
0.617415139048607,0.724599131702723
1.35184068341416,0.259776258770518
1.51791718330318,0.723947610861064
0.896852379784064,0.507448587758243
1.12424079136719,0.551903562095431
0.529057096930741,0.535462729840442
0.931486497750442,0.534768352471042
0.859739129428146,0.601262415891746
1.27799382871318,0.52324860819132
1.51434642028251,0.729725513494992
1.1928876349963,0.363029009969473
1.82927014983689,0.585802830205332
1.31468857181055,0.612718223081744
1.7228412274937,0.685666769610404
1.25179135136791,0.474020019559923
1.12440474473344,0.424700227831274
1.05594559902621,0.173781627590049
1.16377061851402,0.565680998801709
1.173684595931,0.655829013754639
0.732374292323381,0.507906004891165
1.31029533298943,0.664296707753897
2.41882672882297,0.743330611867912
1.8926501434129,0.73875878725247
0.997919262465026,0.455768664319612
0.650918105893157,0.431679439677328
0.785828950552041,0.575319932318353
1.50071166750002,0.498316808730724
0.544446077735588,0.559504695078154
1.29475866919573,0.587175279920213
1.04798393488841,0.595730551281555
1.92310383375076,0.672028068111902
1.06585284781051,0.597626736385235
0.257682192774095,0.68180497807467
1.52295539080845,0.651263749265337
1.0039392595117,0.560088675296746
0.973060230425585,0.401853021277856
1.28832256598389,0.482123010003325
1.3443501317417,0.342246262605674
0.953134074033863,0.593649849967342
0.693719454630537,0.556855405218829
0.304146670357298,0.435822978443927
0.708204315946818,0.60390613330132
0.807999778295017,0.916361980973416
0.6849424859138,0.521218284930286
1.44068691818869,0.646842645976883
1.08100799613165,0.633447006533796
0.594780583369156,0.557092660388735
1.1119908443919,0.65201914520004
1.18780689489798,0.306059452063767
1.21628915454913,0.603364365644146
1.20314385145086,0.420896548741485
1.12513550730344,0.685356840495906
1.06721504734539,0.639850780484686
1.28620900458667,0.547204973726048
1.76518882000604,0.596196173783481
1.21747063472562,0.202966988782333
0.801635623630421,0.521424430459448
0.303624044097373,0.746969297396833
1.56722148316209,0.465056714266783
1.57643054835198,0.627482145460128
1.41573077276106,0.729250433963901
1.19111057201887,0.459435811411592
1.29114100343266,0.467822497701579
1.21507574961786,0.574824620334476
0.591084638709705,0.301439155416968
0.882072718245667,0.823090883843725
1.17868454758766,0.615652217443419
1.53207160611217,0.497785455368375
0.93962868858155,0.528878272664773
1.32441440402956,0.527908846344675
1.21793713615321,0.842588720311364
0.996752307786054,0.569291467545733
1.01025837658502,0.300022432826449
1.60949645581638,0.655307883248834
1.49307383622711,0.678976980536439
0.944068506393489,0.724387905108494
0.854420995575054,0.503389431272907
0.459689726782944,0.59407981791277
1.11902352500946,0.647918544173234
1.22676644529177,0.446403395460829
1.09530058640249,0.42062350596801
0.564378853388047,0.480347563684609
0.627855518979211,0.51577915915658
0.784410008134361,0.764227205324205
1.7073546386986,0.748041586354873
1.16386118785853,0.679657027514166
0.569214144501146,0.556635951667802
0.362554180835296,0.780369760825453
1.18837103310141,0.328452020714192
0.678059877409044,0.435396193133878
0.983399063507016,0.565237572526268
1.78352689643963,0.881321595513839
0.525298188274185,0.655674464631285
0.892112388843415,0.187882663328105
1.35320788027854,0.561726395426157
1.36830265946585,0.441588844168352
1.2193150129702,0.330516323063339
1.79304547743288,0.790447611534298
0.710168516738724,0.457011011399557
1.49963677900422,0.51879165751953
0.927613826294417,0.318211099799014
0.845042883146725,0.549250227020746
1.31297108597256,0.657741253715459
0.910766548481578,0.344665726957364
1.07042820323249,0.28596393012147
0.880768498818875,0.395101553722234
1.0866753498728,0.36830394350831
1.62773899905777,0.669191932131454
0.501647434093829,0.428875351550923
1.07726803985798,0.538521313920902
1.59273259938506,0.479490082638169
1.0631340243453,0.798864324496853
0.893334497501262,0.604197185791729
1.2042949906907,0.486280710886344
0.893265279310593,0.551232208719628
0.214385661189781,0.513329710600938
1.29773893738312,0.793219215734966
0.650770118208243,0.539056585888798
1.06956685692515,0.32202097713933
0.469590964993405,0.650938885463938
0.838163556965292,0.517000786346848
0.827866606894328,0.421323236436269
1.32717021558234,0.516626357762777
0.741853004225785,0.510929893601628
0.98964308775491,1.00262794003153
1.36022801962318,0.518407452564255
1.17261078030937,0.324182264799007
1.84533274046175,0.615684920231806
1.03732863069223,0.522851284234482
1.07090203822968,0.62495182170047
1.31560287851405,0.30543442206614
0.538605555950312,0.594507444868178
1.17912316427034,0.565499854856045
1.2564401594726,0.373284971740217
1.33814463012126,0.683448581635077
1.51868409586376,0.63356040187045
0.84313359809564,0.556117508839675
0.180313935917083,0.460005234907755
1.5892764355748,0.700608642647034
1.34319319151825,0.533765601544496
1.15800403154612,0.534712747892743
0.657689426728561,0.562057715952921
1.3283558341406,0.615470938997927
0.736915221933731,0.502998632088631
2.16524787220587,0.611881394266338
1.07290696283854,0.581299489925781
1.70896080583567,0.440859726560284
1.2546035308372,0.60973955896206
1.14694816505758,0.463742325890012
0.931446705259579,0.665165456686258
1.51062964890561,0.699762331116099
1.2214273977307,0.597518393474415
1.48361349086502,0.448492424526927
1.0196499117309,0.610988116112221
1.45661126056387,0.626474149475691
1.19019674169672,0.315124369649874
0.687852556218997,0.360209103344638
0.958149216262372,0.57995484066857
1.40537203726945,0.376648892342668
1.16995277240785,0.396168564182689
0.456810543343794,0.764799492285296
1.18119445260076,0.33948889129059
1.14448641058997,0.452536169997933
1.30485491757741,0.595410835783499
1.06377441649987,0.521675164605712
1.79340714264526,0.657347676633463
0.831658738392967,0.729683771901863
1.36391540428271,0.775686598448253
1.89268353522247,0.429797483398478
0.41254227773308,0.555371140408505
1.25189074220909,0.71304519585148
0.605428716942841,0.379594384042518
1.4846305498574,0.514655539424235
1.3092336970764,0.534630096147074
1.66181019002465,0.522725433739431
1.16326653640221,0.492663777481154
1.81130905556643,0.553893463346501
1.63146981823589,0.410543493258242
1.39216893225916,0.701611304166248
1.03188351568638,0.489271930325768
0.880713184849857,0.80534107553873
1.17537071391602,0.42695718750238
0.315750703250587,0.564161650897427
0.613237631881641,0.501962881284149
1.49213745495913,0.541701511239031
1.28156150953721,0.498026169809588
0.786836974822896,0.648995415644111
0.564636412335416,0.671549464140726
1.47988943371919,0.552725971466154
0.973500250667471,0.612276231793459
0.807352698571418,0.472178324496982
1.9519863873228,0.661237568161663
1.09451013544604,0.764585936099677
1.34190454953441,0.850054340161563
1.1189433535696,0.414691265497637
1.20531138757511,0.496014153291338
1.39054011524969,0.57808984924101
0.900202893933452,0.284818988769718
0.931769022578293,0.77275003160153
1.33578180057477,0.62410449314543
1.3975562146342,0.682611359850206
0.809532677954167,0.469172653096994
1.17871725634598,0.65222471499408
0.337072320649228,0.450158304991653
1.17754576583455,0.567275402491027
1.11119100793748,0.533090629860377
0.87926507136129,0.557268763962449
0.622369183546841,0.704625574516835
0.66117805010671,0.589527272662576
0.837195858706298,0.528434199855636
1.05688861714499,0.702920959165901
0.570957929495912,0.760945910448915
1.44810501616325,0.626551618611771
1.42974468175553,0.717338828852346
1.50336740501294,0.548540509973007
1.14078571915487,0.539156422686132
0.844559979196378,0.739294060576427
1.3856928083464,0.614295554845213
1.34939502202211,0.373552361133119
0.952412820567042,0.647363340950075
1.58925826942903,0.745328019056965
1.22905301700701,0.667182595581488
0.910579422397907,0.471763831963014
1.29345059056292,0.522977112553267
1.14836587669134,0.540219401378477
1.21499103493023,0.538367255901246
1.55512791823933,0.544648190277234
1.03546933414558,0.59483126040787
1.84175073962436,0.742178828179098
1.02273405364507,0.612959902773894
0.725522583496126,0.580047552413868
1.01681956700114,0.480628982687739
1.16972786561382,0.795172626704959
0.856144554116862,0.537526997357656
1.48066743757276,0.618083378140002
1.15967218757058,0.712799592062397
0.89963406045586,0.886910263631058
0.924491698922547,0.636515458743726
1.1073829866038,0.581572426365961
1.12165418257172,0.381243610207832
0.913407242257036,0.605662667517657
0.756720329150346,0.72767738062887
0.919021203732682,0.763425588610213
1.23689588815215,0.884888171508236
1.28932426853932,0.58147011630189
0.132353893072199,0.412606459293516
1.28227084095886,0.573517574883881
1.25119188295154,0.250738068900077
0.794082564629329,0.561518142978178
1.09462287134291,0.792402495929427
0.989349979029386,0.650289900701988
1.15589317427951,0.485960884435182
1.55609695665543,0.699151910284002
0.666977424400946,0.538473081103368
1.72397741781117,0.602006738915924
0.972953844173358,0.5056408908991
1.04657653970196,0.611040561892414
0.535002926974055,0.403047702305041
0.751730035414425,0.615099852961109
1.12593261372481,0.629038101362012
0.414143069716841,0.502887980659231
0.361988191204193,0.437054314944344
0.554317513828463,0.604649310380257
0.879706171641178,0.363113098159309
0.593941207243849,0.491989767499716
0.991626470447616,0.660468776198876
0.982726762313185,0.473534386658744
1.36994214546577,0.579789085463274
1.41143156335986,0.744468670334093
1.26754905172081,0.507098587331155
1.39497218556873,0.485230686683537
1.1353806550816,0.503939832750365
1.57122423965732,0.430672644561142
0.76957633028336,0.340598389586684
0.945088929356617,0.492166330443853
1.49570682238523,0.600507212125433
1.1791877362243,0.55779283797901
0.831103461459567,0.776995400603641
0.948645429665223,0.744092641331488
1.2520590564632,0.57512222289523
1.28737334284972,0.758265588744591
0.0584712233567211,0.616346393533885
1.28985890564209,0.692256721869703
0.89787953422587,0.519993975507112
0.845159608292666,0.435188332553771
1.52099436731468,0.676442085326229
0.941999511569527,0.374145997246507
1.37381386687598,0.362440042971522
0.178008721966779,0.433879859128859
0.938563292964325,0.335951935743212
1.0320372940929,0.430019084865309
1.27291965760789,0.690896042050502
0.51325141875215,0.374012171472628
1.55847586577812,0.76152327914951
0.460139267780176,0.489209944249914
1.23088613786976,0.480958422675934
0.998315226652159,0.606522018731944
1.17695293188192,0.583791117805122
1.04105424558257,0.73079277344593
1.85034405805524,0.751214038304769
1.11159400825213,0.376019618254174
1.99948146760261,0.741271133363246
0.873716206896298,0.525421839342549
1.56563174903956,0.686925489712054
1.06855770658492,0.819934889352571
1.33644155451885,0.712173254482554
0.884174391996825,0.490684127925102
0.893500360726384,0.747669767296971
0.770276908286566,0.818267126251563
0.772757322682469,0.671338412818889
1.0000342874746,0.537369879522453
1.21537894823744,0.653929935888472
1.0854118070688,0.429916671859667
0.792355888029116,0.670172746332119
1.28255192138357,0.785171236436502
1.41125071443665,0.555672052075412
1.2891356215224,0.715393929317625
1.16240828399482,0.587859946434382
0.7326002846248,0.373838334456203
1.17061809807109,0.589810050491394
0.545901687184619,0.539651721965406
1.41867921587735,0.850306151029313
1.92597087574915,0.613524430011348
1.75624829646437,0.398887048266288
1.00093843990214,0.44577006430289
1.27690362714418,0.619567670754987
1.13738454622239,0.593046335426012
1.01202475557843,0.516560339121859
1.14369306972069,0.526775290613498
1.44605839579678,0.724570936179098
0.83707927180897,0.495976145001247
0.619388969000299,0.257730288276496
0.843726011688495,0.590443622489831
1.35264872695401,0.468276239872399
1.69824650414192,0.563432110354374
0.289343116413836,0.630639216093416
1.68856937741239,0.666762109608409
0.719694765527577,0.373935575348465
1.2552934437705,0.654742178253507
0.389336611532646,0.622290536590092
0.721227172142985,0.343920669953221
1.3206850158037,0.58632574969368
0.538221564075168,0.44934450340358
0.842649835553603,0.271378119754201
0.992650740438276,0.665073063921957
0.510573493639362,0.703508827639214
1.47444459630485,0.467711356373005
1.47274912752878,0.386632647923702
1.00174506689897,0.702270550494267
0.825799001300872,0.306622744440928
1.5948776071477,0.606587367447602
1.52972978394744,0.657791324464194
0.959729975082889,0.701750376951917
1.59868667025249,0.722690938683318
1.77361228218946,0.395574595691936
1.09609177617493,0.731230095343982
0.455501671652533,0.627770812499841
1.43339064657989,0.314085749045717
0.875803944412736,0.449711110240077
0.539613265385522,0.592767282913403
0.609843001595081,0.327030567348465
1.07579543675737,0.756596642802381
1.45241888316814,0.499461274070755
0.667645233093385,0.653260515533792
1.53632565783681,0.583560647753307
1.07509495929108,0.379839954110547
1.28649753121064,0.629872121685203
0.88160007775566,0.761962374371046
1.48024557885144,0.568026017771974
0.952404082083017,0.527105751977035
1.29715202162279,0.527486553383152
0.633488830287658,0.484315028485358
1.09727656228215,0.722335616177026
1.02412768301416,0.586495548424513
1.19631000612603,0.640239785180299
0.820275841659308,0.551873959693057
1.18991887562304,0.466740089269887
0.567024447667086,0.479062519589342
1.8043821182531,0.667120839341694
0.680911414033728,0.395219692682414
0.66617476495823,0.509387805791599
1.07774231326444,0.590796011413698
1.38874081644083,0.457359733446983
1.3805246510867,0.669050585894128
1.24088129767121,0.450831793797212
0.926610925644829,0.613489108872525
0.892897686301678,0.805880613755161
1.25285057673742,0.412632897961054
1.16652433694294,0.650549941063143
0.658689969080415,0.387530131799223
1.08864974447095,0.60963724143877
0.468033834264664,0.432279621535348
1.50402666351254,0.520843366386836
0.825878263729115,0.505248831149319
1.12619630869331,0.4943606842948
1.3241232947231,0.553488925208873
0.896003270336006,0.462295874138893
1.07603518767034,0.636394029062985
1.19020811660553,0.680207523403852
0.402880908317757,0.477867513112142
0.820202421357765,0.600938582626326
1.08278747737997,0.324008649200419
1.52719753938803,0.737411428310447
1.00830894869142,0.713546509234458
1.06191948255212,0.599066775770537
1.34259735688929,0.5399733887503
0.643477676789802,0.389274351340997
1.01384680124961,0.486082552260188
1.20734386277788,0.354249474042053
1.27865998438754,0.567141501856625
1.31800984761465,0.701340939642456
1.20618981483914,0.522722609936917
1.59573175859751,0.516955159017064
0.914637412433719,0.671110109673619
1.00128065708814,0.568705375422127
0.679530903016361,0.360358946891988
0.600023379103183,0.286404264827991
0.675569620624004,0.652868418862252
1.48646944176834,0.644251741889561
0.736133655916037,0.429174177168845
0.933970478944072,0.395071822607535
1.36971675658282,0.295395843540805
1.59642690950024,0.816540443624505
0.997850435939177,0.704221827425535
1.79377371915317,0.493814430360408
0.514057493559298,0.396080510140654
1.71718979664002,0.490701974798894
0.395463858543463,0.692743531214795
1.18626694671597,0.504610397367905
1.2204946888502,0.405108274221747
1.10659436849108,0.443087320277881
1.21731497632838,0.454457906960218
1.3898514323138,0.391906220819519
0.655054880039003,0.594996914478423
1.51934730878866,0.74523290241737
0.903672098973007,0.633540676327812
0.468571238125389,0.663609423977094
0.74550160412632,0.562306335608449
1.34737268352857,0.499816732383624
0.786311930786343,0.318402947028864
0.675228369234178,0.525187130328576
0.51911245810404,0.718092036944214
1.13091272852346,0.711121806528419
0.809255826971981,0.719880270361169
0.250847332544052,0.461576738416028
0.708475399276632,0.247864538034735
1.24139198569681,0.688503926599483
0.406175923205996,0.702975147696443
1.23340397158986,0.542930276064987
1.45308537126992,0.564229461305565
0.955711378251984,0.466387172545952
1.11417402376805,0.744720096484498
1.7182318598618,0.811966938230572
0.772233995449045,0.367531477196012
1.08483004832365,0.690605962038076
0.977721504920578,0.335568844132396
1.11293487783636,0.297099160937759
1.0827290426445,0.794105290157583
1.50108008337074,0.45314365673269
0.416703489388083,0.62146619262379
0.981271084565134,0.834956855245061
0.733315797778434,0.820980726985244
1.40698548733538,0.667397216195755
0.878437657763536,0.537901637140508
1.21922705726705,0.414027586186585
0.983173430064128,0.249906369212028
1.21808662470996,0.890801370466111
0.918081976876196,0.658240356813842
-0.0622357248380494,0.579812424556459
0.816095598672794,0.4199949575496
1.00573511161991,0.364555954479062
0.833880779145951,0.475174641748492
1.33531961744036,0.493987086959156
1.32431243870688,0.633093636468167
1.43363494750235,0.767769283108445
1.40316103058564,0.572881478767349
0.866179745639352,0.340684464517184
0.898054053416162,0.621592783408645
0.625225937644034,0.509534849741746
0.876245329691997,0.0969086380324026
1.19418146034433,0.44749537191537
1.09018612540461,0.613910304955532
1.05146637706629,0.726269365965736
1.24279734990091,0.343772023923587
1.06697784942302,0.533290668988992
1.24746291514108,0.304225379182638
1.17735088183745,0.493665241741363
1.26311291005761,0.485044344688886
0.692242720099605,0.476777851765506
1.0791174285867,0.310811437275768
1.02158160193232,0.57736006298361
1.43053459100072,0.652872687869904
0.541901560124303,0.769743831334706
1.27035610860623,0.700056439042471
0.918504959541864,0.694834723090646
1.15676026069769,0.756997645829874
1.13723859020435,0.492658782675261
0.737934851889681,0.389940765733265
1.51791875079346,0.49178949230755
1.03665679161557,0.520470675943162
0.568378649913401,0.603311516538575
1.30427876126873,0.562081934466809
1.07181019171497,0.479685067597439
0.477301559516056,0.555737807092006
0.624239190771186,0.655625522647394
1.2632145013872,0.519905504854607
1.37094841643559,0.778759594615847
1.44606332546361,0.78874089147129
0.846900675672177,0.388270247219945
1.58875400507569,0.483954919197448
1.16027075745573,0.794350224406259
